{
  "data": [
    {
      "POSTCODE": "79000",
      "ADDRESS": "Nusajaya - Pembangunan Puteri Harbour",
      "CITY": "Nusajaya",
      "STATE": "JHR"
   },
   {
      "POSTCODE": "80000",
      "ADDRESS": "Jalan Abdullah Ibrahim",
      "CITY": "Johor Bahru",
      "STATE": "JHR"
   },
   {
      "POSTCODE": "81000",
      "ADDRESS": "Bandar Kulai",
      "CITY": "Kulai",
      "STATE": "JHR"
   },
   {
      "POSTCODE": "81400",
      "ADDRESS": "Flat Perindu",
      "CITY": "Senai",
      "STATE": "JHR"
   },
   {
      "POSTCODE": "81440",
      "ADDRESS": "Bandar Petri Jaya",
      "CITY": "Bandar Tenggara",
      "STATE": "JHR"
   },
   {
      "POSTCODE": "81450",
      "ADDRESS": "Felda Bukit Besar",
      "CITY": "Gugusan Taib Andak",
      "STATE": "JHR"
   },
   {
      "POSTCODE": "81500",
      "ADDRESS": "Desa Baru",
      "CITY": "Pekan Nenas",
      "STATE": "JHR"
   },
   {
      "POSTCODE": "81500",
      "ADDRESS": "Taman Cempaka",
      "CITY": "Sungai Mati",
      "STATE": "JHR"
   },
   {
      "POSTCODE": "81550",
      "ADDRESS": "Desa Paya Mengkuang",
      "CITY": "Gelang Patah",
      "STATE": "JHR"
   },
   {
      "POSTCODE": "81600",
      "ADDRESS": "Batu Layar",
      "CITY": "Pengerang",
      "STATE": "JHR"
   },
   {
      "POSTCODE": "81700",
      "ADDRESS": "Kampung Pasir Gudang Baru",
      "CITY": "Pasir Gudang",
      "STATE": "JHR"
   },
   {
      "POSTCODE": "81750",
      "ADDRESS": "Apartment Prima Agency",
      "CITY": "Masai",
      "STATE": "JHR"
   },
   {
      "POSTCODE": "81750",
      "ADDRESS": "Kampung Kong Kong Laut",
      "CITY": "masai",
      "STATE": "JHR"
   },
   {
      "POSTCODE": "81800",
      "ADDRESS": "Ban Foo",
      "CITY": "Ulu Tiram",
      "STATE": "JHR"
   },
   {
      "POSTCODE": "81850",
      "ADDRESS": "Bukit Permai",
      "CITY": "Layang-Layang",
      "STATE": "JHR"
   },
   {
      "POSTCODE": "81900",
      "ADDRESS": "Bandar Sri Perani",
      "CITY": "Kota Tinggi",
      "STATE": "JHR"
   },
   {
      "POSTCODE": "81920",
      "ADDRESS": "Ayer Tawar 2",
      "CITY": "Ayer Tawar 2",
      "STATE": "JHR"
   },
   {
      "POSTCODE": "81920",
      "ADDRESS": "Ladang Ah Tong",
      "CITY": "Ayer Tawar 3",
      "STATE": "JHR"
   },
   {
      "POSTCODE": "81920",
      "ADDRESS": "Ladang Asahi",
      "CITY": "Ayer Tawar 4",
      "STATE": "JHR"
   },
   {
      "POSTCODE": "81920",
      "ADDRESS": "Ladang Bukit Tinggi",
      "CITY": "Ayer Tawar 5",
      "STATE": "JHR"
   },
   {
      "POSTCODE": "81930",
      "ADDRESS": "Bandar Mas",
      "CITY": "Bandar Penawar",
      "STATE": "JHR"
   },
   {
      "POSTCODE": "82000",
      "ADDRESS": "Bandar Baru Pontian",
      "CITY": "Pontian",
      "STATE": "JHR"
   },
   {
      "POSTCODE": "82100",
      "ADDRESS": "Ayer Baloi",
      "CITY": "Ayer Baloi",
      "STATE": "JHR"
   },
   {
      "POSTCODE": "82200",
      "ADDRESS": "Bandar Baru Benut",
      "CITY": "Benut",
      "STATE": "JHR"
   },
   {
      "POSTCODE": "82300",
      "ADDRESS": "Jalan Alsagof Penerok",
      "CITY": "Kukup",
      "STATE": "JHR"
   },
   {
      "POSTCODE": "83000",
      "ADDRESS": "Bagan",
      "CITY": "Batu Pahat",
      "STATE": "JHR"
   },
   {
      "POSTCODE": "83100",
      "ADDRESS": "Aked Mara",
      "CITY": "Rengit",
      "STATE": "JHR"
   },
   {
      "POSTCODE": "83200",
      "ADDRESS": "Batu 11 Bukit Batu",
      "CITY": "Senggarang",
      "STATE": "JHR"
   },
   {
      "POSTCODE": "83300",
      "ADDRESS": "Batu 5 Jalan Kluang",
      "CITY": "Seri Gading",
      "STATE": "JHR"
   },
   {
      "POSTCODE": "83300",
      "ADDRESS": "Taman Panchor Riang",
      "CITY": "Sri Gading",
      "STATE": "JHR"
   },
   {
      "POSTCODE": "83400",
      "ADDRESS": "Air Putih",
      "CITY": "Seri Medan",
      "STATE": "JHR"
   },
   {
      "POSTCODE": "83400",
      "ADDRESS": "Felcra Sri Wangi",
      "CITY": "Sri Medan",
      "STATE": "JHR"
   },
   {
      "POSTCODE": "83500",
      "ADDRESS": "Batu 1 Jalan Yong Peng",
      "CITY": "Parit Sulong",
      "STATE": "JHR"
   },
   {
      "POSTCODE": "83600",
      "ADDRESS": "Jalan Bukit Mor",
      "CITY": "Semerah",
      "STATE": "JHR"
   },
   {
      "POSTCODE": "83700",
      "ADDRESS": "Bangunan Mara",
      "CITY": "Yong Peng",
      "STATE": "JHR"
   },
   {
      "POSTCODE": "84000",
      "ADDRESS": "Ayer Hitam",
      "CITY": "Muar",
      "STATE": "JHR"
   },
   {
      "POSTCODE": "84150",
      "ADDRESS": "Bukit Mor",
      "CITY": "Parit Jawa",
      "STATE": "JHR"
   },
   {
      "POSTCODE": "84300",
      "ADDRESS": "Bukit Pasir",
      "CITY": "Bukit Pasir",
      "STATE": "JHR"
   },
   {
      "POSTCODE": "84500",
      "ADDRESS": "Bukit Setaki",
      "CITY": "Panchor",
      "STATE": "JHR"
   },
   {
      "POSTCODE": "84600",
      "ADDRESS": "Batu 30 Kampung Sarjan",
      "CITY": "Pagoh",
      "STATE": "JHR"
   },
   {
      "POSTCODE": "84700",
      "ADDRESS": "Bukit Katil Estate",
      "CITY": "Gerisek",
      "STATE": "JHR"
   },
   {
      "POSTCODE": "84800",
      "ADDRESS": "Bandar Baru Bukit Gambir",
      "CITY": "Bukit Gambir",
      "STATE": "JHR"
   },
   {
      "POSTCODE": "84900",
      "ADDRESS": "Bandar Baru Tangkak",
      "CITY": "Tangkak",
      "STATE": "JHR"
   },
   {
      "POSTCODE": "85000",
      "ADDRESS": "Bandar 32",
      "CITY": "Segamat",
      "STATE": "JHR"
   },
   {
      "POSTCODE": "85100",
      "ADDRESS": "Batu Anam",
      "CITY": "Batu Anam",
      "STATE": "JHR"
   },
   {
      "POSTCODE": "85200",
      "ADDRESS": "Bukit Serampang",
      "CITY": "Jementah",
      "STATE": "JHR"
   },
   {
      "POSTCODE": "85300",
      "ADDRESS": "Ayer Panas",
      "CITY": "Labis",
      "STATE": "JHR"
   },
   {
      "POSTCODE": "85400",
      "ADDRESS": "Chaah",
      "CITY": "Chaah",
      "STATE": "JHR"
   },
   {
      "POSTCODE": "86000",
      "ADDRESS": "Bandar Baru",
      "CITY": "Kluang",
      "STATE": "JHR"
   },
   {
      "POSTCODE": "86100",
      "ADDRESS": "Ayer Hitam",
      "CITY": "Ayer Hitam",
      "STATE": "JHR"
   },
   {
      "POSTCODE": "86200",
      "ADDRESS": "Bandar Baru Parit Ibrahim Majid",
      "CITY": "Simpang Rengam",
      "STATE": "JHR"
   },
   {
      "POSTCODE": "86300",
      "ADDRESS": "Bandar Rengam",
      "CITY": "Rengam",
      "STATE": "JHR"
   },
   {
      "POSTCODE": "86400",
      "ADDRESS": "Bandar Universiti",
      "CITY": "Parit Raja",
      "STATE": "JHR"
   },
   {
      "POSTCODE": "86500",
      "ADDRESS": "Bekok",
      "CITY": "Bekok",
      "STATE": "JHR"
   },
   {
      "POSTCODE": "86600",
      "ADDRESS": "Batang Redan",
      "CITY": "Paloh",
      "STATE": "JHR"
   },
   {
      "POSTCODE": "86700",
      "ADDRESS": "Espek Sungai Chales",
      "CITY": "Kahang",
      "STATE": "JHR"
   },
   {
      "POSTCODE": "86800",
      "ADDRESS": "Ayer Tawar",
      "CITY": "Mersing",
      "STATE": "JHR"
   },
   {
      "POSTCODE": "86900",
      "ADDRESS": "Belukar Juling",
      "CITY": "Endau",
      "STATE": "JHR"
   },









   {
      "POSTCODE": "01000",
      "ADDRESS": "Alor Redeh",
      "CITY": "Kangar",
      "STATE": "PLS"
   },
   {
      "POSTCODE": "02000",
      "ADDRESS": "Al Marhom Kayang",
      "CITY": "Kuala Perlis",
      "STATE": "PLS"
   },
   {
      "POSTCODE": "02100",
      "ADDRESS": "Aked niaga",
      "CITY": "Padang Besar",
      "STATE": "PLS"
   },
   {
      "POSTCODE": "02200",
      "ADDRESS": "Jalan Padang Besar (Batu 16)",
      "CITY": "Kaki Bukit",
      "STATE": "PLS"
   },
   {
      "POSTCODE": "02600",
      "ADDRESS": "Arau",
      "CITY": "Arau",
      "STATE": "PLS"
   },
   {
      "POSTCODE": "02700",
      "ADDRESS": "Bohor Mali",
      "CITY": "Simpang Ampat",
      "STATE": "PLS"
    },








       {
      "POSTCODE": "5000",
      "ADDRESS": "Jalan Istana Lama",
      "CITY": "Alor Setar",
      "STATE": "KDH"
   },
   {
      "POSTCODE": "5150",
      "ADDRESS": "Bangunan Asas Jaya",
      "CITY": "Alor Star",
      "STATE": "KDH"
   },
   {
      "POSTCODE": "6000",
      "ADDRESS": "Ason",
      "CITY": "Jitra",
      "STATE": "KDH"
   },
   {
      "POSTCODE": "6010",
      "ADDRESS": "Changloon",
      "CITY": "Changloon",
      "STATE": "KDH"
   },
   {
      "POSTCODE": "6010",
      "ADDRESS": "Universiti Utara Malaysia",
      "CITY": "Universiti Utara Malaysia",
      "STATE": "KDH"
   },
   {
      "POSTCODE": "6050",
      "ADDRESS": "Bukit Kayu Hitam",
      "CITY": "Bukit Kayu Hitam",
      "STATE": "KDH"
   },
   {
      "POSTCODE": "6100",
      "ADDRESS": "Jalan Kodiang (Batu 20 - 22)",
      "CITY": "Kodiang",
      "STATE": "KDH"
   },
   {
      "POSTCODE": "6150",
      "ADDRESS": "Ayer Hitam",
      "CITY": "Ayer Hitam",
      "STATE": "KDH"
   },
   {
      "POSTCODE": "6200",
      "ADDRESS": "Bukit Pinang",
      "CITY": "Kepala Batas",
      "STATE": "KDH"
   },
   {
      "POSTCODE": "6300",
      "ADDRESS": "Ampangan Pedu",
      "CITY": "Kuala Nerang",
      "STATE": "KDH"
   },
   {
      "POSTCODE": "6350",
      "ADDRESS": "Jalan Naka (Batu 18 1/2)",
      "CITY": "Pokok Sena",
      "STATE": "KDH"
   },
   {
      "POSTCODE": "6400",
      "ADDRESS": "Taman Nangka Madu",
      "CITY": "Pendang",
      "STATE": "KDH"
   },
   {
      "POSTCODE": "6500",
      "ADDRESS": "Jalan Datuk Kumbar (Batu 4 3/4 - 10)",
      "CITY": "Langgar",
      "STATE": "KDH"
   },
   {
      "POSTCODE": "6600",
      "ADDRESS": "Alor Ibus Tepi Laut",
      "CITY": "Kuala Kedah",
      "STATE": "KDH"
   },
   {
      "POSTCODE": "6650",
      "ADDRESS": "Jalan Tokai (Batu 7 - 8)",
      "CITY": "Simpang Empat",
      "STATE": "KDH"
   },
   {
      "POSTCODE": "6800",
      "ADDRESS": "Batu 11 1/2 Jalan Sungai Petani",
      "CITY": "Kota Sarang Semut",
      "STATE": "KDH"
   },
   {
      "POSTCODE": "6900",
      "ADDRESS": "Batu 21 1/4 - 24 3/4 Jalan Yan",
      "CITY": "Yan",
      "STATE": "KDH"
   },
   {
      "POSTCODE": "7000",
      "ADDRESS": "Ayer Hangat",
      "CITY": "Langkawi",
      "STATE": "KDH"
   },
   {
      "POSTCODE": "8000",
      "ADDRESS": "Ambangan Height",
      "CITY": "Sungai Petani",
      "STATE": "KDH"
   },
   {
      "POSTCODE": "8100",
      "ADDRESS": "Bedong",
      "CITY": "Bedong",
      "STATE": "KDH"
   },
   {
      "POSTCODE": "8200",
      "ADDRESS": "Kampung Balong Ayam",
      "CITY": "Sik",
      "STATE": "KDH"
   },
   {
      "POSTCODE": "8300",
      "ADDRESS": "Gurun",
      "CITY": "Gurun",
      "STATE": "KDH"
   },
   {
      "POSTCODE": "8320",
      "ADDRESS": "Desa Jaya",
      "CITY": "Jeniang",
      "STATE": "KDH"
   },
   {
      "POSTCODE": "8400",
      "ADDRESS": "Kampung Badong",
      "CITY": "Merbok",
      "STATE": "KDH"
   },
   {
      "POSTCODE": "8500",
      "ADDRESS": "Alor Nibong",
      "CITY": "Kota Kuala Muda",
      "STATE": "KDH"
   },
   {
      "POSTCODE": "9000",
      "ADDRESS": "Bandar Baru Kulim",
      "CITY": "Kulim",
      "STATE": "KDH"
   },
   {
      "POSTCODE": "9100",
      "ADDRESS": "Baling",
      "CITY": "Baling",
      "STATE": "KDH"
   },
   {
      "POSTCODE": "9110",
      "ADDRESS": "Kampung Batu Kuala Pegang",
      "CITY": "Kuala Pegang",
      "STATE": "KDH"
   },
   {
      "POSTCODE": "9200",
      "ADDRESS": "Banggol Lahar",
      "CITY": "Kupang",
      "STATE": "KDH"
   },
   {
      "POSTCODE": "9300",
      "ADDRESS": "Felcra Bukit Hijau",
      "CITY": "Kuala Ketil",
      "STATE": "KDH"
   },
   {
      "POSTCODE": "9400",
      "ADDRESS": "Kampung Banggol",
      "CITY": "Padang Serai",
      "STATE": "KDH"
   },
   {
      "POSTCODE": "9600",
      "ADDRESS": "Flat Kulim Square",
      "CITY": "Lunas",
      "STATE": "KDH"
   },
   {
      "POSTCODE": "9700",
      "ADDRESS": "Banggol Penyengat",
      "CITY": "Karangan",
      "STATE": "KDH"
   },
   {
      "POSTCODE": "9800",
      "ADDRESS": "Kampung Badlishah",
      "CITY": "Serdang",
      "STATE": "KDH"
   },














     {
      "POSTCODE": "15000",
      "ADDRESS": "Apartment Pelangi Mall Jalan Post Office Lama",
      "CITY": "Kota Bharu",
      "STATE": "KTN"
   },
   {
      "POSTCODE": "16020",
      "ADDRESS": "Kampung Anak Tembusu",
      "CITY": "Bachok",
      "STATE": "KTN"
   },
   {
      "POSTCODE": "16040",
      "ADDRESS": "Hadapan Masjid Kampung Laut",
      "CITY": "Wakaf Bharu",
      "STATE": "KTN"
   },
   {
      "POSTCODE": "16080",
      "ADDRESS": "Balai Bomba",
      "CITY": "Tumpat",
      "STATE": "KTN"
   },
   {
      "POSTCODE": "16100",
      "ADDRESS": "MRSM Pengkalan Chepa",
      "CITY": "Kota Bahru",
      "STATE": "KTN"
   },
   {
      "POSTCODE": "16400",
      "ADDRESS": "Jalan Pasir Puteh (Km 8 - 12)",
      "CITY": "Melor",
      "STATE": "KTN"
   },
   {
      "POSTCODE": "16450",
      "ADDRESS": "Alor Jalal",
      "CITY": "Ketereh",
      "STATE": "KTN"
   },
   {
      "POSTCODE": "16500",
      "ADDRESS": "Blok (JKR)",
      "CITY": "Kem Desa Pahlawan",
      "STATE": "KTN"
   },
   {
      "POSTCODE": "16600",
      "ADDRESS": "Baruh Lahar",
      "CITY": "Pulai Chondong",
      "STATE": "KTN"
   },
   {
      "POSTCODE": "16700",
      "ADDRESS": "Jalan Cherang Ruku",
      "CITY": "Cherang Ruku",
      "STATE": "KTN"
   },
   {
      "POSTCODE": "16800",
      "ADDRESS": "Agensi Dadah Kebangsaan",
      "CITY": "Pasir Puteh",
      "STATE": "KTN"
   },
   {
      "POSTCODE": "16810",
      "ADDRESS": "Bukit Jawa",
      "CITY": "Selising",
      "STATE": "KTN"
   },
   {
      "POSTCODE": "17000",
      "ADDRESS": "Alor Mas",
      "CITY": "Pasir Mas",
      "STATE": "KTN"
   },
   {
      "POSTCODE": "17200",
      "ADDRESS": "Chabang Empat Salam",
      "CITY": "Rantau Panjang",
      "STATE": "KTN"
   },
   {
      "POSTCODE": "17500",
      "ADDRESS": "Air Berdang Ipoh",
      "CITY": "Tanah Merah",
      "STATE": "KTN"
   },
   {
      "POSTCODE": "17600",
      "ADDRESS": "Air Papan",
      "CITY": "Jeli",
      "STATE": "KTN"
   },
   {
      "POSTCODE": "17610",
      "ADDRESS": "Bukit Berangan",
      "CITY": "Kuala Balah",
      "STATE": "KTN"
   },
   {
      "POSTCODE": "17700",
      "ADDRESS": "AFFIN Bank",
      "CITY": "Ayer Lanas",
      "STATE": "KTN"
   },
   {
      "POSTCODE": "18000",
      "ADDRESS": "Banggol Yek",
      "CITY": "Kuala Krai",
      "STATE": "KTN"
   },
   {
      "POSTCODE": "18200",
      "ADDRESS": "Dabong Hilir",
      "CITY": "Dabong",
      "STATE": "KTN"
   },
   {
      "POSTCODE": "18300",
      "ADDRESS": "Balai Polis",
      "CITY": "Gua Musang",
      "STATE": "KTN"
   },
   {
      "POSTCODE": "18400",
      "ADDRESS": "Bandar Temangan",
      "CITY": "Temangan",
      "STATE": "KTN"
   },
   {
      "POSTCODE": "18500",
      "ADDRESS": "ALIA",
      "CITY": "Machang",
      "STATE": "KTN"
   },















      {
      "POSTCODE": 50000,
      "ADDRESS": "Bangunan Bangkok Bank",
      "CITY": "Kuala Lumpur",
      "STATE": "KUL"
   },
   {
      "POSTCODE": 53100,
      "ADDRESS": "Jalan K7 (Taman Melawati)",
      "CITY": "Gombak",
      "STATE": "SGR"
   },
   {
      "POSTCODE": 53300,
      "ADDRESS": "Apartment Madu Mas",
      "CITY": "Setapak",
      "STATE": "KUL"
   },
   {
      "POSTCODE": 55100,
      "ADDRESS": "Jalan Pandan Indah 4/33",
      "CITY": "Pandan",
      "STATE": "SGR"
   },
   {
      "POSTCODE": 56000,
      "ADDRESS": "Jalan Damai Perdana 6/1F",
      "CITY": "Cheras",
      "STATE": "SGR"
   },

















      {
      "POSTCODE": 40000,
      "ADDRESS": "Bukit Raja Selatan",
      "CITY": "Shah Alam",
      "STATE": "SGR"
   },
   {
      "POSTCODE": 41000,
      "ADDRESS": "Jalan Bentara",
      "CITY": "Klang",
      "STATE": "SGR"
   },
   {
      "POSTCODE": 42000,
      "ADDRESS": "Bagan Hylam",
      "CITY": "Pelabuhan Klang",
      "STATE": "SGR"
   },
   {
      "POSTCODE": 42200,
      "ADDRESS": "Batu 13 1/2, Jalan Kapar (KU 14)",
      "CITY": "Kapar",
      "STATE": "SGR"
   },
   {
      "POSTCODE": 42300,
      "ADDRESS": "Bandar Alam Perdana",
      "CITY": "Bandar Puncak Alam",
      "STATE": "SGR"
   },
   {
      "POSTCODE": 42425,
      "ADDRESS": "Jalan Utama 41",
      "CITY": "Telok Panglima Garang",
      "STATE": "SGR"
   },
   {
      "POSTCODE": 42600,
      "ADDRESS": "Jalan Bacang",
      "CITY": "Jenjarom",
      "STATE": "SGR"
   },
   {
      "POSTCODE": 42700,
      "ADDRESS": "Bandar Sri Ehsan",
      "CITY": "Banting",
      "STATE": "SGR"
   },
   {
      "POSTCODE": 42800,
      "ADDRESS": "Batu Laut",
      "CITY": "Tanjong Sepat",
      "STATE": "SGR"
   },
   {
      "POSTCODE": 42920,
      "ADDRESS": "Institut Pendidikan Negeri Selangor (INSPENS)",
      "CITY": "Pulau Indah",
      "STATE": "SGR"
   },
   {
      "POSTCODE": 42940,
      "ADDRESS": "Pulau Lumut",
      "CITY": "Pulau Ketam",
      "STATE": "SGR"
   },
   {
      "POSTCODE": 42960,
      "ADDRESS": "Division (1, 2, 4 & 6)",
      "CITY": "Pulau Carey",
      "STATE": "SGR"
   },
   {
      "POSTCODE": 43000,
      "ADDRESS": "5 Residency IOI Resort",
      "CITY": "Kajang",
      "STATE": "SGR"
   },
   {
      "POSTCODE": 43100,
      "ADDRESS": "Hulu Langat (Km 16 - 22)",
      "CITY": "Hulu Langat",
      "STATE": "SGR"
   },
   {
      "POSTCODE": 43200,
      "ADDRESS": "Apartment Puncak Baiduri",
      "CITY": "Cheras",
      "STATE": "SGR"
   },
   {
      "POSTCODE": 43300,
      "ADDRESS": "Bandar Putra Permai",
      "CITY": "Seri Kembangan",
      "STATE": "SGR"
   },
   {
      "POSTCODE": 43400,
      "ADDRESS": "Universiti Putra Malaysia (UPM)",
      "CITY": "Serdang",
      "STATE": "SGR"
   },
   {
      "POSTCODE": 43500,
      "ADDRESS": "Balai Polis Semenyih",
      "CITY": "Semenyih",
      "STATE": "SGR"
   },
   {
      "POSTCODE": 43600,
      "ADDRESS": "Universiti Kebangsaan Malaysia (UKM)",
      "CITY": "Bangi",
      "STATE": "SGR"
   },
   {
      "POSTCODE": 43650,
      "ADDRESS": "Bandar Baru Bangi",
      "CITY": "Bandar Baru Bangi",
      "STATE": "SGR"
   },
   {
      "POSTCODE": 43700,
      "ADDRESS": "Bandar Tasek Kesuma",
      "CITY": "Beranang",
      "STATE": "SGR"
   },
   {
      "POSTCODE": 43800,
      "ADDRESS": "Bukit Tampoi",
      "CITY": "Dengkil",
      "STATE": "SGR"
   },
   {
      "POSTCODE": 43900,
      "ADDRESS": "Bandar Baru Salak Tinggi",
      "CITY": "Sepang",
      "STATE": "SGR"
   },
   {
      "POSTCODE": 43950,
      "ADDRESS": "Helang Tiram",
      "CITY": "Sungai Pelek",
      "STATE": "SGR"
   },
   {
      "POSTCODE": 44000,
      "ADDRESS": "Jalan Bendahara",
      "CITY": "Kuala Kubu Baru",
      "STATE": "SGR"
   },
   {
      "POSTCODE": 44100,
      "ADDRESS": "Bandar Baru Lembah Beringin",
      "CITY": "Kerling",
      "STATE": "SGR"
   },
   {
      "POSTCODE": 44200,
      "ADDRESS": "Batang Kali",
      "CITY": "Rasa",
      "STATE": "SGR"
   },
   {
      "POSTCODE": 44300,
      "ADDRESS": "Bagan Pasir Penampang",
      "CITY": "Batang Kali",
      "STATE": "SGR"
   },
   {
      "POSTCODE": 44300,
      "ADDRESS": "Desa Alamria",
      "CITY": "Batangkali",
      "STATE": "SGR"
   },
   {
      "POSTCODE": 45000,
      "ADDRESS": "Bagan Beting Kepah",
      "CITY": "Kuala Selangor",
      "STATE": "SGR"
   },
   {
      "POSTCODE": 45100,
      "ADDRESS": "Bagan Parit Baru",
      "CITY": "Sungai Ayer Tawar",
      "STATE": "SGR"
   },
   {
      "POSTCODE": 45200,
      "ADDRESS": "Jalan Cenderawasih",
      "CITY": "Sabak Bernam",
      "STATE": "SGR"
   },
   {
      "POSTCODE": 45300,
      "ADDRESS": "Desa Ehsan",
      "CITY": "Sungai Besar",
      "STATE": "SGR"
   },
   {
      "POSTCODE": 45400,
      "ADDRESS": "Bagan Pasir",
      "CITY": "Sekinchan",
      "STATE": "SGR"
   },
   {
      "POSTCODE": 45500,
      "ADDRESS": "Bagan Sungai Kajang",
      "CITY": "Tanjong Karang",
      "STATE": "SGR"
   },
   {
      "POSTCODE": 45600,
      "ADDRESS": "Batang Berjuntai - Peti Surat",
      "CITY": "Batang Berjuntai",
      "STATE": "SGR"
   },
   {
      "POSTCODE": 45700,
      "ADDRESS": "Bukit Kuching",
      "CITY": "Bukit Rotan",
      "STATE": "SGR"
   },
   {
      "POSTCODE": 45800,
      "ADDRESS": "Desa Mentari 2",
      "CITY": "Jeram",
      "STATE": "SGR"
   },
   {
      "POSTCODE": 46000,
      "ADDRESS": "Bangunan PKNS",
      "CITY": "Petaling Jaya",
      "STATE": "SGR"
   },
   {
      "POSTCODE": 47000,
      "ADDRESS": "Bandar Puchong Utama",
      "CITY": "Sungai Buloh",
      "STATE": "SGR"
   },
   {
      "POSTCODE": 47100,
      "ADDRESS": "Bandar Puteri",
      "CITY": "Puchong",
      "STATE": "SGR"
   },
   {
      "POSTCODE": 47200,
      "ADDRESS": "Jalan Makmur",
      "CITY": "Subang Airport",
      "STATE": "SGR"
   },
   {
      "POSTCODE": 47500,
      "ADDRESS": "Bayu Tower (Saujana Residency)",
      "CITY": "Subang Jaya",
      "STATE": "SGR"
   },
   {
      "POSTCODE": 48000,
      "ADDRESS": "B & G Komersial Sentral",
      "CITY": "Rawang",
      "STATE": "SGR"
   },
   {
      "POSTCODE": 48100,
      "ADDRESS": "Desa Anggerik",
      "CITY": "Batu Arang",
      "STATE": "SGR"
   },
   {
      "POSTCODE": 48200,
      "ADDRESS": "Desa Melor",
      "CITY": "Serendah",
      "STATE": "SGR"
   },
   {
      "POSTCODE": 63000,
      "ADDRESS": "Bangunan Emerio Cyberjaya",
      "CITY": "Cyberjaya",
      "STATE": "SGR"
   },
   {
      "POSTCODE": 64000,
      "ADDRESS": "Bangunan Tune Hotels.com",
      "CITY": "KLIA",
      "STATE": "SGR"
   },
   {
      "POSTCODE": 68000,
      "ADDRESS": "Ampang Baru",
      "CITY": "Ampang",
      "STATE": "SGR"
   },
   {
      "POSTCODE": 68100,
      "ADDRESS": "Bandar Baru Selayang",
      "CITY": "Batu Caves",
      "STATE": "SGR"
   },

















      {
      "POSTCODE": 75000,
      "ADDRESS": "Bandar Hilir",
      "CITY": "Melaka",
      "STATE": "MLK"
   },
   {
      "POSTCODE": 75450,
      "ADDRESS": "Air Keroh D Village Resort",
      "CITY": "Ayer Keroh",
      "STATE": "MLK"
   },
   {
      "POSTCODE": 75450,
      "ADDRESS": "Taman Belia Antarabangsa",
      "CITY": "Air Keroh",
      "STATE": "MLK"
   },
   {
      "POSTCODE": 76100,
      "ADDRESS": "Ayer Semubok",
      "CITY": "Durian Tunggal",
      "STATE": "MLK"
   },
   {
      "POSTCODE": 76200,
      "ADDRESS": "Jalan Aman",
      "CITY": "Kem Trendak",
      "STATE": "MLK"
   },
   {
      "POSTCODE": 76300,
      "ADDRESS": "Flat Desa Taming Sari",
      "CITY": "Sungai Udang",
      "STATE": "MLK"
   },
   {
      "POSTCODE": 76400,
      "ADDRESS": "Asrama Hualon",
      "CITY": "Tanjong Kling",
      "STATE": "MLK"
   },
   {
      "POSTCODE": 77000,
      "ADDRESS": "Balik Bukit (Chohong)",
      "CITY": "Jasin",
      "STATE": "MLK"
   },
   {
      "POSTCODE": 77100,
      "ADDRESS": "Asahan",
      "CITY": "Asahan",
      "STATE": "MLK"
   },
   {
      "POSTCODE": 77200,
      "ADDRESS": "Ayer Merbau",
      "CITY": "Bemban",
      "STATE": "MLK"
   },
   {
      "POSTCODE": 77300,
      "ADDRESS": "Anjong Batu",
      "CITY": "Merlimau",
      "STATE": "MLK"
   },
   {
      "POSTCODE": 77400,
      "ADDRESS": "Jalan Ghafar",
      "CITY": "Sungai Rambai",
      "STATE": "MLK"
   },
   {
      "POSTCODE": 77400,
      "ADDRESS": "Taman Jaya",
      "CITY": "Sungai Rambai'",
      "STATE": "MLK"
   },
   {
      "POSTCODE": 77500,
      "ADDRESS": "Balai Polis Batang Melaka",
      "CITY": "Selandar",
      "STATE": "MLK"
   },
   {
      "POSTCODE": 78000,
      "ADDRESS": "Air Cantik (Lendu Air Paabas)",
      "CITY": "Alor Gajah",
      "STATE": "MLK"
   },
   {
      "POSTCODE": 78100,
      "ADDRESS": "Berembang Jaya",
      "CITY": "Lubok China",
      "STATE": "MLK"
   },
   {
      "POSTCODE": 78200,
      "ADDRESS": "Batu 28 Kampung Lapan (Permatang)",
      "CITY": "Kuala Sungai Baru",
      "STATE": "MLK"
   },
   {
      "POSTCODE": 78300,
      "ADDRESS": "Ayer Hitam Hulu",
      "CITY": "Masjid Tanah",
      "STATE": "MLK"
   },












     {
      "POSTCODE": 10000,
      "ADDRESS": "Bangunan Komtar",
      "CITY": "Pulau Pinang",
      "STATE": "PNG"
   },
   {
      "POSTCODE": 11000,
      "ADDRESS": "Ayer Puteh Mk. 4",
      "CITY": "Balik Pulau",
      "STATE": "PNG"
   },
   {
      "POSTCODE": 11060,
      "ADDRESS": "Lorong Terubong Ria (1 - 2)",
      "CITY": "Padang Tembak",
      "STATE": "PNG"
   },
   {
      "POSTCODE": 11100,
      "ADDRESS": "Batu Feringghi",
      "CITY": "Batu Ferringhi",
      "STATE": "PNG"
   },
   {
      "POSTCODE": 11200,
      "ADDRESS": "Casa Lagenda Mutiara",
      "CITY": "Tanjong Bungah",
      "STATE": "PNG"
   },
   {
      "POSTCODE": 11200,
      "ADDRESS": "Jalan Chee Swee Ee",
      "CITY": "Tanjung Bungah",
      "STATE": "PNG"
   },
   {
      "POSTCODE": 11300,
      "ADDRESS": "Bukit Bendera",
      "CITY": "Penang Hill",
      "STATE": "PNG"
   },
   {
      "POSTCODE": 11500,
      "ADDRESS": "Ayer Itam",
      "CITY": "Ayer Itam",
      "STATE": "PNG"
   },
   {
      "POSTCODE": 11600,
      "ADDRESS": "Batu Hijau",
      "CITY": "Jelutong",
      "STATE": "PNG"
   },
   {
      "POSTCODE": 11700,
      "ADDRESS": "Batu Uban",
      "CITY": "Gelugor",
      "STATE": "PNG"
   },
   {
      "POSTCODE": 11800,
      "ADDRESS": "Universiti Sains Malaysia",
      "CITY": "USM Pulau Pinang",
      "STATE": "PNG"
   },
   {
      "POSTCODE": 11900,
      "ADDRESS": "Akasia",
      "CITY": "Bayan Lepas",
      "STATE": "PNG"
   },
   {
      "POSTCODE": 11900,
      "ADDRESS": "Halaman Teratai",
      "CITY": "Batu Maung",
      "STATE": "PNG"
   },
   {
      "POSTCODE": 12000,
      "ADDRESS": "Halaman Selat",
      "CITY": "Butterworth",
      "STATE": "PNG"
   },
   {
      "POSTCODE": 13100,
      "ADDRESS": "Guar Tuan Syed",
      "CITY": "Penaga",
      "STATE": "PNG"
   },
   {
      "POSTCODE": 13200,
      "ADDRESS": "Bertam Jaya",
      "CITY": "Kepala Batas",
      "STATE": "PNG"
   },
   {
      "POSTCODE": 13300,
      "ADDRESS": "Air Hitam Dalam",
      "CITY": "Tasek Gelugor",
      "STATE": "PNG"
   },
   {
      "POSTCODE": 13300,
      "ADDRESS": "Jalan Komersial 2",
      "CITY": "Tasek Gelugur",
      "STATE": "PNG"
   },
   {
      "POSTCODE": 13500,
      "ADDRESS": "Bukit Jelutong",
      "CITY": "Permatang Pauh",
      "STATE": "PNG"
   },
   {
      "POSTCODE": 13600,
      "ADDRESS": "Bandar Perai Jaya",
      "CITY": "Perai",
      "STATE": "PNG"
   },
   {
      "POSTCODE": 14000,
      "ADDRESS": "Alma Camp",
      "CITY": "Bukit Mertajam",
      "STATE": "PNG"
   },
   {
      "POSTCODE": 14100,
      "ADDRESS": "Asas Jaya",
      "CITY": "Simpang Ampat",
      "STATE": "PNG"
   },
   {
      "POSTCODE": 14200,
      "ADDRESS": "Badak Mati",
      "CITY": "Sungai Jawi",
      "STATE": "PNG"
   },
   {
      "POSTCODE": 14290,
      "ADDRESS": "Jalan Klinik Relau",
      "CITY": "Bandar Bahru",
      "STATE": "KDH"
   },
   {
      "POSTCODE": 14300,
      "ADDRESS": "Ampang Jajar",
      "CITY": "Nibong Tebal",
      "STATE": "PNG"
   },
   {
      "POSTCODE": 14400,
      "ADDRESS": "Ara Kuda",
      "CITY": "Kubang Semang",
      "STATE": "PNG"
   },















   
   {
      "POSTCODE": 30000,
      "ADDRESS": "Bangunan Kerajaan Negeri",
      "CITY": "Ipoh",
      "STATE": "PRK"
   },
   {
      "POSTCODE": 31000,
      "ADDRESS": "Batu Gajah",
      "CITY": "Batu Gajah",
      "STATE": "PRK"
   },
   {
      "POSTCODE": 31050,
      "ADDRESS": "Kampung Jawang",
      "CITY": "Sungai Siput",
      "STATE": "PRK"
   },
   {
      "POSTCODE": 31150,
      "ADDRESS": "Arena Perpaduan Sentosa",
      "CITY": "Ulu Kinta",
      "STATE": "PRK"
   },
   {
      "POSTCODE": 31200,
      "ADDRESS": "Bandar Baru Sri Klebang",
      "CITY": "Chemor",
      "STATE": "PRK"
   },
   {
      "POSTCODE": 31250,
      "ADDRESS": "Changkat Kinding",
      "CITY": "Tanjong Rambutan",
      "STATE": "PRK"
   },
   {
      "POSTCODE": 31300,
      "ADDRESS": "Bandar Pulai Jaya",
      "CITY": "Kampung Kepayang",
      "STATE": "PRK"
   },
   {
      "POSTCODE": 31550,
      "ADDRESS": "Bandar Sri Pengkalan",
      "CITY": "Pusing",
      "STATE": "PRK"
   },
   {
      "POSTCODE": 31600,
      "ADDRESS": "Desa Lawan Kuda",
      "CITY": "Gopeng",
      "STATE": "PRK"
   },
   {
      "POSTCODE": 31700,
      "ADDRESS": "Changkat Bendera",
      "CITY": "Malim Nawar",
      "STATE": "PRK"
   },
   {
      "POSTCODE": 31750,
      "ADDRESS": "Bali Emas",
      "CITY": "Tronoh",
      "STATE": "PRK"
   },
   {
      "POSTCODE": 31800,
      "ADDRESS": "Changkat Tin",
      "CITY": "Tanjong Tualang",
      "STATE": "PRK"
   },
   {
      "POSTCODE": 31850,
      "ADDRESS": "Jalan Baru ( Kuala Dipang )",
      "CITY": "Jeram",
      "STATE": "PRK"
   },
   {
      "POSTCODE": 31900,
      "ADDRESS": "Aston Settelement",
      "CITY": "Kampar",
      "STATE": "PRK"
   },
   {
      "POSTCODE": 31900,
      "ADDRESS": "Kampung Haji Dahalan",
      "CITY": "Mambang Di Awan",
      "STATE": "PRK"
   },
   {
      "POSTCODE": 32000,
      "ADDRESS": "Acheh Baru",
      "CITY": "Sitiawan",
      "STATE": "PRK"
   },
   {
      "POSTCODE": 32040,
      "ADDRESS": "Bangunan Mahkamah Majistret",
      "CITY": "Seri Manjong",
      "STATE": "PRK"
   },
   {
      "POSTCODE": 32040,
      "ADDRESS": "Kampung Datok Sri Kamaruddin",
      "CITY": "Seri Manjung",
      "STATE": "PRK"
   },
   {
      "POSTCODE": 32100,
      "ADDRESS": "Pengkalan Tentera Laut Diraja Malaysia (TLDM)",
      "CITY": "TLDM Lumut",
      "STATE": "PRK"
   },
   {
      "POSTCODE": 32200,
      "ADDRESS": "Batu 1 Jalan Lumut",
      "CITY": "Lumut",
      "STATE": "PRK"
   },
   {
      "POSTCODE": 32300,
      "ADDRESS": "Jalan Belakang Pangkor",
      "CITY": "Pangkor",
      "STATE": "PRK"
   },
   {
      "POSTCODE": 32400,
      "ADDRESS": "Api Kong",
      "CITY": "Ayer Tawar",
      "STATE": "PRK"
   },
   {
      "POSTCODE": 32500,
      "ADDRESS": "Belakang Taman Teck Seng",
      "CITY": "Changkat Keruing",
      "STATE": "PRK"
   },
   {
      "POSTCODE": 32600,
      "ADDRESS": "Ayer Mati",
      "CITY": "Bota",
      "STATE": "PRK"
   },
   {
      "POSTCODE": 32600,
      "ADDRESS": "UITM cawangan Bandar Seri Iskandar",
      "CITY": "Bandar Seri Iskandar",
      "STATE": "PRK"
   },
   {
      "POSTCODE": 32700,
      "ADDRESS": "Batu Hampar",
      "CITY": "Bruas",
      "STATE": "PRK"
   },
   {
      "POSTCODE": 32800,
      "ADDRESS": "Alor Kechor",
      "CITY": "Parit",
      "STATE": "PRK"
   },
   {
      "POSTCODE": 32900,
      "ADDRESS": "Bota Kiri",
      "CITY": "Lambor Kanan",
      "STATE": "PRK"
   },
   {
      "POSTCODE": 33000,
      "ADDRESS": "Bendang Panjang",
      "CITY": "Kuala Kangsar",
      "STATE": "PRK"
   },
   {
      "POSTCODE": 33100,
      "ADDRESS": "Bukit Berapit",
      "CITY": "Pengkalan Hulu",
      "STATE": "PRK"
   },
   {
      "POSTCODE": 33200,
      "ADDRESS": "Intan",
      "CITY": "Intan",
      "STATE": "PRK"
   },
   {
      "POSTCODE": 33300,
      "ADDRESS": "Ayer Ganda",
      "CITY": "Gerik",
      "STATE": "PRK"
   },
   {
      "POSTCODE": 33400,
      "ADDRESS": "Batu Dinding",
      "CITY": "Lenggong",
      "STATE": "PRK"
   },
   {
      "POSTCODE": 33500,
      "ADDRESS": "Aras Estate",
      "CITY": "Sauk",
      "STATE": "PRK"
   },
   {
      "POSTCODE": 33600,
      "ADDRESS": "Beluru",
      "CITY": "Enggor",
      "STATE": "PRK"
   },
   {
      "POSTCODE": 33700,
      "ADDRESS": "Bawah Gunung",
      "CITY": "Padang Rengas",
      "STATE": "PRK"
   },
   {
      "POSTCODE": 33800,
      "ADDRESS": "Ara Panjang",
      "CITY": "Manong",
      "STATE": "PRK"
   },
   {
      "POSTCODE": 34000,
      "ADDRESS": "Asam Kumbang",
      "CITY": "Taiping",
      "STATE": "PRK"
   },
   {
      "POSTCODE": 34100,
      "ADDRESS": "Jalan Abdul Karim",
      "CITY": "Selama",
      "STATE": "PRK"
   },
   {
      "POSTCODE": 34140,
      "ADDRESS": "Banggol Jas",
      "CITY": "Rantau Panjang",
      "STATE": "PRK"
   },
   {
      "POSTCODE": 34200,
      "ADDRESS": "Jalan Bawah Sungai Bakau",
      "CITY": "Parit Buntar",
      "STATE": "PRK"
   },
   {
      "POSTCODE": 34250,
      "ADDRESS": "Bagan Cina",
      "CITY": "Tanjong Piandang",
      "STATE": "PRK"
   },
   {
      "POSTCODE": 34300,
      "ADDRESS": "Alor Penyengat",
      "CITY": "Bagan Serai",
      "STATE": "PRK"
   },
   {
      "POSTCODE": 34350,
      "ADDRESS": "Bagan Seberang",
      "CITY": "Kuala Kurau",
      "STATE": "PRK"
   },
   {
      "POSTCODE": 34400,
      "ADDRESS": "Alor Setanggok",
      "CITY": "Simpang Ampat Semanggol",
      "STATE": "PRK"
   },
   {
      "POSTCODE": 34500,
      "ADDRESS": "Anak Kurau",
      "CITY": "Batu Kurau",
      "STATE": "PRK"
   },
   {
      "POSTCODE": 34600,
      "ADDRESS": "Bukit Jana",
      "CITY": "Kamunting",
      "STATE": "PRK"
   },
   {
      "POSTCODE": 34650,
      "ADDRESS": "Kampung Baru (Jalan Arang)",
      "CITY": "Kuala Sepetang",
      "STATE": "PRK"
   },
   {
      "POSTCODE": 34700,
      "ADDRESS": "Ayer Putih",
      "CITY": "Simpang",
      "STATE": "PRK"
   },
   {
      "POSTCODE": 34750,
      "ADDRESS": "Bagan Midah",
      "CITY": "Matang",
      "STATE": "PRK"
   },
   {
      "POSTCODE": 34800,
      "ADDRESS": "Ayer Terjun",
      "CITY": "Trong",
      "STATE": "PRK"
   },
   {
      "POSTCODE": 34850,
      "ADDRESS": "Ayer Kuning",
      "CITY": "Changkat Jering",
      "STATE": "PRK"
   },
   {
      "POSTCODE": 34900,
      "ADDRESS": "Bagan Panchor",
      "CITY": "Pantai Remis",
      "STATE": "PRK"
   },
   {
      "POSTCODE": 34950,
      "ADDRESS": "Bagan Samak",
      "CITY": "Bandar Baharu",
      "STATE": "KDH"
   },
   {
      "POSTCODE": 35000,
      "ADDRESS": "Batang Estate",
      "CITY": "Tapah",
      "STATE": "PRK"
   },
   {
      "POSTCODE": 35300,
      "ADDRESS": "Chenderiang",
      "CITY": "Chenderiang",
      "STATE": "PRK"
   },
   {
      "POSTCODE": 35350,
      "ADDRESS": "Jalan Kampar - Temoh",
      "CITY": "Temoh",
      "STATE": "PRK"
   },
   {
      "POSTCODE": 35400,
      "ADDRESS": "Banir New Village",
      "CITY": "Tapah Road",
      "STATE": "PRK"
   },
   {
      "POSTCODE": 35500,
      "ADDRESS": "Bedrock Estate",
      "CITY": "Bidor",
      "STATE": "PRK"
   },
   {
      "POSTCODE": 35600,
      "ADDRESS": "Belakang Pasar",
      "CITY": "Sungkai",
      "STATE": "PRK"
   },
   {
      "POSTCODE": 35700,
      "ADDRESS": "Felda Trolak Timur",
      "CITY": "Trolak",
      "STATE": "PRK"
   },
   {
      "POSTCODE": 35800,
      "ADDRESS": "Bandar Baru",
      "CITY": "Slim River",
      "STATE": "PRK"
   },
   {
      "POSTCODE": 35900,
      "ADDRESS": "Changkat Asa",
      "CITY": "Tanjong Malim",
      "STATE": "PRK"
   },
   {
      "POSTCODE": 35950,
      "ADDRESS": "Balai Polis Behrang Stesen",
      "CITY": "Behrang Stesen",
      "STATE": "PRK"
   },
   {
      "POSTCODE": 36000,
      "ADDRESS": "Antek Avenue",
      "CITY": "Teluk Intan",
      "STATE": "PRK"
   },
   {
      "POSTCODE": 36100,
      "ADDRESS": "Bagan Datoh",
      "CITY": "Bagan Datoh",
      "STATE": "PRK"
   },
   {
      "POSTCODE": 36200,
      "ADDRESS": "Bagan Pasir Laut",
      "CITY": "Selekoh",
      "STATE": "PRK"
   },
   {
      "POSTCODE": 36300,
      "ADDRESS": "Kampung Bagan Parit 4",
      "CITY": "Sungai Sumun",
      "STATE": "PRK"
   },
   {
      "POSTCODE": 36400,
      "ADDRESS": "Bagan Lalang",
      "CITY": "Hutan Melintang",
      "STATE": "PRK"
   },
   {
      "POSTCODE": 36500,
      "ADDRESS": "Bahagian Selangor",
      "CITY": "Ulu Bernam",
      "STATE": "PRK"
   },
   {
      "POSTCODE": 36600,
      "ADDRESS": "Chenderong Balai",
      "CITY": "Chenderong Balai",
      "STATE": "PRK"
   },
   {
      "POSTCODE": 36700,
      "ADDRESS": "Degong Ratanui Camp",
      "CITY": "Langkap",
      "STATE": "PRK"
   },
   {
      "POSTCODE": 36750,
      "ADDRESS": "Chikus",
      "CITY": "Chikus",
      "STATE": "PRK"
   },
   {
      "POSTCODE": 36800,
      "ADDRESS": "Bandar Tua",
      "CITY": "Kampung Gajah",
      "STATE": "PRK"
   },













   {
      "POSTCODE": 70000,
      "ADDRESS": "Bangunan Yayasan Negeri Sembilan",
      "CITY": "Seremban",
      "STATE": "NSN"
   },
   {
      "POSTCODE": 71000,
      "ADDRESS": "Andrappan Block",
      "CITY": "Port Dickson",
      "STATE": "NSN"
   },
   {
      "POSTCODE": 71010,
      "ADDRESS": "Kampung Sungai Sendayan",
      "CITY": "Rantau",
      "STATE": "NSN"
   },
   {
      "POSTCODE": 71050,
      "ADDRESS": "Bandar Baru Sunggala",
      "CITY": "Si Rusa",
      "STATE": "NSN"
   },
   {
      "POSTCODE": 71150,
      "ADDRESS": "Kampung Air Hitam",
      "CITY": "Linggi",
      "STATE": "NSN"
   },
   {
      "POSTCODE": 71300,
      "ADDRESS": "Ampang Batu Chembong",
      "CITY": "Rembau",
      "STATE": "NSN"
   },
   {
      "POSTCODE": 71350,
      "ADDRESS": "Astana Raja",
      "CITY": "Kota",
      "STATE": "NSN"
   },
   {
      "POSTCODE": 71500,
      "ADDRESS": "Ampang Serong",
      "CITY": "Tanjong Ipoh",
      "STATE": "NSN"
   },
   {
      "POSTCODE": 71600,
      "ADDRESS": "Kampung Amar Penghulu",
      "CITY": "Kuala Klawang",
      "STATE": "NSN"
   },
   {
      "POSTCODE": 71700,
      "ADDRESS": "Apartment Sri Palma",
      "CITY": "Mantin",
      "STATE": "NSN"
   },
   {
      "POSTCODE": 71760,
      "ADDRESS": "Bandar Baru ENSTEK",
      "CITY": "Bandar Baru Enstek",
      "STATE": "NSN"
   },
   {
      "POSTCODE": 71800,
      "ADDRESS": "Dusun Labu Valley",
      "CITY": "Nilai",
      "STATE": "NSN"
   },
   {
      "POSTCODE": 71900,
      "ADDRESS": "Jerengkang Darat",
      "CITY": "Labu",
      "STATE": "NSN"
   },
   {
      "POSTCODE": 72000,
      "ADDRESS": "Kampung Acheh",
      "CITY": "Kuala Pilah",
      "STATE": "NSN"
   },
   {
      "POSTCODE": 72100,
      "ADDRESS": "Bahau",
      "CITY": "Bahau",
      "STATE": "NSN"
   },
   {
      "POSTCODE": 72120,
      "ADDRESS": "Ayer Hitam",
      "CITY": "Bandar Seri Jempol",
      "STATE": "NSN"
   },
   {
      "POSTCODE": 72200,
      "ADDRESS": "Ayer Dedali",
      "CITY": "Batu Kikir",
      "STATE": "NSN"
   },
   {
      "POSTCODE": 72300,
      "ADDRESS": "Felcra Kerangai - Penagoh",
      "CITY": "Simpang Pertang",
      "STATE": "NSN"
   },
   {
      "POSTCODE": 72400,
      "ADDRESS": "Ayer Baning (Batu 52)",
      "CITY": "Simpang Durian",
      "STATE": "NSN"
   },
   {
      "POSTCODE": 73000,
      "ADDRESS": "Kampung Anak Durian Daun",
      "CITY": "Tampin",
      "STATE": "NSN"
   },
   {
      "POSTCODE": 73000,
      "ADDRESS": "Taman Desa Permai Ulu Yoh",
      "CITY": "Johol",
      "STATE": "NSN"
   },
   {
      "POSTCODE": 73200,
      "ADDRESS": "Bukit Rokan Utara",
      "CITY": "Gemencheh",
      "STATE": "NSN"
   },
   {
      "POSTCODE": 73400,
      "ADDRESS": "Bangka Hulu",
      "CITY": "Gemas",
      "STATE": "NSN"
   },
   {
      "POSTCODE": 73430,
      "ADDRESS": "Felda Palong (4 - 6)",
      "CITY": "Pusat Bandar Palong",
      "STATE": "NSN"
   },
   {
      "POSTCODE": 73500,
      "ADDRESS": "Bukit Tinggi Estate",
      "CITY": "Rompin",
      "STATE": "NSN"
   },


















   
   {
      "POSTCODE": 25000,
      "ADDRESS": "Bangunan LKNP",
      "CITY": "Kuantan",
      "STATE": "PHG"
   },
   {
      "POSTCODE": 26050,
      "ADDRESS": "Bukit Goh Perdana (1 - 12)",
      "CITY": "Bukit Goh",
      "STATE": "PHG"
   },
   {
      "POSTCODE": 26080,
      "ADDRESS": "Balok Perdana",
      "CITY": "Balok",
      "STATE": "PHG"
   },
   {
      "POSTCODE": 26200,
      "ADDRESS": "Batu Enam",
      "CITY": "Sungai Lembing",
      "STATE": "PHG"
   },
   {
      "POSTCODE": 26250,
      "ADDRESS": "Kampung Sungai Pelandok",
      "CITY": "Jaya Gading",
      "STATE": "PHG"
   },
   {
      "POSTCODE": 26300,
      "ADDRESS": "Bandar Gambang",
      "CITY": "Gambang",
      "STATE": "PHG"
   },
   {
      "POSTCODE": 26400,
      "ADDRESS": "Bandar Pusat Jengka",
      "CITY": "Bandar Pusat Jengka",
      "STATE": "PHG"
   },
   {
      "POSTCODE": 26500,
      "ADDRESS": "Aur Gading",
      "CITY": "Maran",
      "STATE": "PHG"
   },
   {
      "POSTCODE": 26600,
      "ADDRESS": "Bandar Baru Peramu",
      "CITY": "Pekan",
      "STATE": "PHG"
   },
   {
      "POSTCODE": 26690,
      "ADDRESS": "Bandar 1",
      "CITY": "Chini",
      "STATE": "PHG"
   },
   {
      "POSTCODE": 26700,
      "ADDRESS": "Bandar 14 Kota Bahagia",
      "CITY": "Muadzam Shah",
      "STATE": "PHG"
   },
   {
      "POSTCODE": 26800,
      "ADDRESS": "Bandar Baru",
      "CITY": "Kuala Rompin",
      "STATE": "PHG"
   },
   {
      "POSTCODE": 26900,
      "ADDRESS": "Bandar 14 (Kota Bahagia)",
      "CITY": "Bandar Tun Abdul Razak",
      "STATE": "PHG"
   },
   {
      "POSTCODE": 27000,
      "ADDRESS": "Bersungai Tembeling",
      "CITY": "Jerantut",
      "STATE": "PHG"
   },
   {
      "POSTCODE": 27030,
      "ADDRESS": "Batu Balai",
      "CITY": "Damak",
      "STATE": "PHG"
   },
   {
      "POSTCODE": 27100,
      "ADDRESS": "Batu 16 Jalan Pagar Sasak",
      "CITY": "Padang Tengku",
      "STATE": "PHG"
   },
   {
      "POSTCODE": 27200,
      "ADDRESS": "Batu Sepuloh",
      "CITY": "Kuala Lipis",
      "STATE": "PHG"
   },
   {
      "POSTCODE": 27300,
      "ADDRESS": "Benta",
      "CITY": "Benta",
      "STATE": "PHG"
   },
   {
      "POSTCODE": 27400,
      "ADDRESS": "Bukit Kemuning Dong",
      "CITY": "Dong",
      "STATE": "PHG"
   },
   {
      "POSTCODE": 27600,
      "ADDRESS": "Bandar Tras",
      "CITY": "Raub",
      "STATE": "PHG"
   },
   {
      "POSTCODE": 27630,
      "ADDRESS": "Kampung Klau Kechil",
      "CITY": "Sungai Ruan",
      "STATE": "PHG"
   },
   {
      "POSTCODE": 27650,
      "ADDRESS": "Felcra Kuala Medang",
      "CITY": "Sungai Koyan",
      "STATE": "PHG"
   },
   {
      "POSTCODE": 27660,
      "ADDRESS": "Kampung Arang",
      "CITY": "Sega",
      "STATE": "PHG"
   },
   {
      "POSTCODE": 28000,
      "ADDRESS": "Bukit Angin",
      "CITY": "Temerloh",
      "STATE": "PHG"
   },
   {
      "POSTCODE": 28050,
      "ADDRESS": "Buntar",
      "CITY": "Kuala Krau",
      "STATE": "PHG"
   },
   {
      "POSTCODE": 28100,
      "ADDRESS": "Chenor",
      "CITY": "Chenor",
      "STATE": "PHG"
   },
   {
      "POSTCODE": 28200,
      "ADDRESS": "Batu Papan",
      "CITY": "Triang",
      "STATE": "PHG"
   },
   {
      "POSTCODE": 28200,
      "ADDRESS": "Bukit Keladang",
      "CITY": "Bandar Bera",
      "STATE": "PHG"
   },
   {
      "POSTCODE": 28340,
      "ADDRESS": "Felda Mengkuang",
      "CITY": "Kemayan",
      "STATE": "PHG"
   },
   {
      "POSTCODE": 28400,
      "ADDRESS": "Bukit Malaysia",
      "CITY": "Mentakab",
      "STATE": "PHG"
   },
   {
      "POSTCODE": 28500,
      "ADDRESS": "Bandar Baru Lanchang",
      "CITY": "Lanchang",
      "STATE": "PHG"
   },
   {
      "POSTCODE": 28600,
      "ADDRESS": "Felda Mempaga (1 - 3)",
      "CITY": "Karak",
      "STATE": "PHG"
   },
   {
      "POSTCODE": 28700,
      "ADDRESS": "Bandar Hussin",
      "CITY": "Bentong",
      "STATE": "PHG"
   },
   {
      "POSTCODE": 28800,
      "ADDRESS": "Kampung Lebu",
      "CITY": "Lurah Bilut",
      "STATE": "PHG"
   },
   {
      "POSTCODE": 39000,
      "ADDRESS": "Carnation Park (Block A - E)",
      "CITY": "Tanah Rata",
      "STATE": "PHG"
   },
   {
      "POSTCODE": 39100,
      "ADDRESS": "Arked Peladang",
      "CITY": "Brinchang",
      "STATE": "PHG"
   },
   {
      "POSTCODE": 39200,
      "ADDRESS": "Bertam Valley",
      "CITY": "Ringlet",
      "STATE": "PHG"
   },
   {
      "POSTCODE": 49000,
      "ADDRESS": "Bukit Fraser",
      "CITY": "Bukit Fraser",
      "STATE": "PHG"
   },
   {
      "POSTCODE": 69000,
      "ADDRESS": "Genting Highlands",
      "CITY": "Genting Highlands",
      "STATE": "PHG"
   },



















   
   {
      "POSTCODE": 20000,
      "ADDRESS": "Hotel Tanjung Vista",
      "CITY": "Kuala Terengganu",
      "STATE": "TRG"
   },
   {
      "POSTCODE": 21400,
      "ADDRESS": "Bukit Payong",
      "CITY": "Bukit Payong",
      "STATE": "TRG"
   },
   {
      "POSTCODE": 21450,
      "ADDRESS": "Chalok",
      "CITY": "Chalok",
      "STATE": "TRG"
   },
   {
      "POSTCODE": 21500,
      "ADDRESS": "Alor Lik",
      "CITY": "Sungai Tong",
      "STATE": "TRG"
   },
   {
      "POSTCODE": 21600,
      "ADDRESS": "Alor Gali",
      "CITY": "Marang",
      "STATE": "TRG"
   },
   {
      "POSTCODE": 21700,
      "ADDRESS": "Binjai Kertas",
      "CITY": "Kuala Berang",
      "STATE": "TRG"
   },
   {
      "POSTCODE": 21800,
      "ADDRESS": "Ajil",
      "CITY": "Ajil",
      "STATE": "TRG"
   },
   {
      "POSTCODE": 22000,
      "ADDRESS": "Alor Lintah",
      "CITY": "Jerteh",
      "STATE": "TRG"
   },
   {
      "POSTCODE": 22100,
      "ADDRESS": "Balik Bukit",
      "CITY": "Permaisuri",
      "STATE": "TRG"
   },
   {
      "POSTCODE": 22200,
      "ADDRESS": "Alor Lintang",
      "CITY": "Kampung Raja",
      "STATE": "TRG"
   },
   {
      "POSTCODE": 22300,
      "ADDRESS": "Alor Pak Ndok",
      "CITY": "Kuala Besut",
      "STATE": "TRG"
   },
   {
      "POSTCODE": 23000,
      "ADDRESS": "Alor Rekan Bemban",
      "CITY": "Dungun",
      "STATE": "TRG"
   },
   {
      "POSTCODE": 23100,
      "ADDRESS": "Jalan Besar Paka",
      "CITY": "Paka",
      "STATE": "TRG"
   },
   {
      "POSTCODE": 23200,
      "ADDRESS": "Bukit Besi",
      "CITY": "Bukit Besi",
      "STATE": "TRG"
   },
   {
      "POSTCODE": 23300,
      "ADDRESS": "Bandar Ketengah Jaya",
      "CITY": "Ketengah Jaya",
      "STATE": "TRG"
   },
   {
      "POSTCODE": 23400,
      "ADDRESS": "Al Muktafi Billah Shah",
      "CITY": "Al Muktatfi Billah Shah",
      "STATE": "TRG"
   },
   {
      "POSTCODE": 24000,
      "ADDRESS": "Bakau Tinggi",
      "CITY": "Cukai",
      "STATE": "TRG"
   },
   {
      "POSTCODE": 24050,
      "ADDRESS": "Arkid Mara",
      "CITY": "Ayer Puteh",
      "STATE": "TRG"
   },
   {
      "POSTCODE": 24050,
      "ADDRESS": "Ceneh Baru",
      "CITY": "Ceneh",
      "STATE": "TRG"
   },
   {
      "POSTCODE": 24100,
      "ADDRESS": "Kampung Atas Tebing",
      "CITY": "Kijal",
      "STATE": "TRG"
   },
   {
      "POSTCODE": 24200,
      "ADDRESS": "Ayer Jerneh",
      "CITY": "Kemasek",
      "STATE": "TRG"
   },
   {
      "POSTCODE": 24300,
      "ADDRESS": "Bandar Baru",
      "CITY": "Kerteh",
      "STATE": "TRG"
   }




   ]
}