{
	"0":{
	"city_name":"Alor Gajah",  
    "state_code":"4",
    "latit":"2.380400",
    "longit":"102.208900",
     "population":"20163"},
    "1":{"city_name":"Kampung Ayer Keroh","state_code":"4","latit":"2.265400","longit":"102.280098","population":"37716"},"2":{"city_name":"Sungai Udang","state_code":"4","latit":"2.269000","longit":"102.142700","population":"26044"},"3":{"city_name":"Malacca","state_code":"4","latit":"2.196000","longit":"102.240501","population":"180671"},"4":{"city_name":"Pulau Sebang","state_code":"4","latit":"2.455000","longit":"102.232903","population":"11879"},"5":{"city_name":"Kuala Sungai Baru","state_code":"4","latit":"2.359400","longit":"102.035301","population":"12269"},"6":{"city_name":"Klebang Besar","state_code":"4","latit":"2.218600","longit":"102.199501","population":"38643"},"7":{"city_name":"Kampong Masjid Tanah","state_code":"4","latit":"2.350000","longit":"102.116669","population":"29185"},"8":{"city_name":"Kampung Bukit Baharu","state_code":"4","latit":"2.215200","longit":"102.285103","population":"55656"},"9":{"city_name":"Kampung Ayer Molek","state_code":"4","latit":"2.213900","longit":"102.327797","population":"15497"},"10":{"city_name":"Bukit Rambai","state_code":"4","latit":"2.259400","longit":"102.183800","population":"17391"},"11":{"city_name":"Bemban","state_code":"4","latit":"2.268400","longit":"102.374603","population":"14329"},"12":{"city_name":"Batu Berendam","state_code":"4","latit":"2.248700","longit":"102.246002","population":"25028"},"appendix":{"datetime":"2018-01-30 04:15:59","request_ip":"175.136.145.26","hits_today":null,"hits_lifetime":null}}