{"0":{"city_name":"Jerantut","state_code":"6","latit":"3.936000","longit":"102.362602","population":"33606"},"1":{"city_name":"Raub","state_code":"6","latit":"3.789900","longit":"101.857002","population":"40024"},"2":{"city_name":"Kuala Lipis","state_code":"6","latit":"4.184200","longit":"102.046799","population":"15448"},"3":{"city_name":"Kampung Tekek","state_code":"6","latit":"2.814700","longit":"104.159203","population":"2000"},"4":{"city_name":"Pekan","state_code":"6","latit":"3.483600","longit":"103.399597","population":"31826"},"5":{"city_name":"Mentekab","state_code":"6","latit":"3.485400","longit":"102.348396","population":"42171"},"6":{"city_name":"Temerluh","state_code":"6","latit":"3.450600","longit":"102.417603","population":"59916"},"7":{"city_name":"Kampung Bukit Tinggi, Bentong","state_code":"6","latit":"3.349440","longit":"101.826309","population":"12346"},"8":{"city_name":"Kuantan","state_code":"6","latit":"3.807700","longit":"103.325996","population":"366229"},"9":{"city_name":"Tanah Rata","state_code":"6","latit":"4.463610","longit":"101.376297","population":"7000"},"10":{"city_name":"Bentong Town","state_code":"6","latit":"3.522290","longit":"101.908661","population":"49213"} }