{"0":{"city_name":"Bagan Serai","state_code":"7","latit":"5.010800","longit":"100.541008","population":"20476"},"1":{"city_name":"Simpang Empat","state_code":"7","latit":"4.950000","longit":"100.633331","population":"58004"},"2":{"city_name":"Taiping","state_code":"7","latit":"4.850000","longit":"100.733330","population":"217647"},"3":{"city_name":"Kuala Kangsar","state_code":"7","latit":"4.766670","longit":"100.933327","population":"39331"},"4":{"city_name":"Ipoh","state_code":"7","latit":"4.584100","longit":"101.082901","population":"673318"},"5":{"city_name":"Parit Buntar","state_code":"7","latit":"5.126710","longit":"100.493156","population":"27313"},"6":{"city_name":"Batu Gajah","state_code":"7","latit":"4.469160","longit":"101.041069","population":"46183"},"7":{"city_name":"Kampar","state_code":"7","latit":"4.300000","longit":"101.150002","population":"19056"},"8":{"city_name":"Tapah Road","state_code":"7","latit":"4.166670","longit":"101.199997","population":"27863"},"9":{"city_name":"Bidur","state_code":"7","latit":"4.116670","longit":"101.283333","population":"30016"},"10":{"city_name":"Lumut","state_code":"7","latit":"4.232300","longit":"100.629799","population":"39595"},"11":{"city_name":"Teluk Intan","state_code":"7","latit":"4.025900","longit":"101.021301","population":"63353"},"12":{"city_name":"Pantai Remis","state_code":"7","latit":"4.455700","longit":"100.628799","population":"16317"},"13":{"city_name":"Kampong Dungun","state_code":"7","latit":"3.216670","longit":"101.316673","population":"58674"} }